id,name,price,description,animal_category,popularity
1,Cat Treats,40.99,This product is pretty good at what its supposed to do.,Cat,0.9
2,Dog Brush,10.99,This product is pretty good at what its supposed to do.,Dog,0.0
3,Dog Bed,49.99,This product is wonderful!,Dog,0.8
4,Dog Bed,40.99,This product is the best.,Dog,0.5
5,Cat Treats,1.99,This product is wonderful!,Cat,1.0
6,Cat Toy,77.99,This product is pretty good at what its supposed to do.,Cat,0.6
7,Dog Bed,77.99,This product is wonderful!,Dog,0.8
8,Dog Brush,45.99,This product is the best.,Dog,0.9
9,Dog Bone,21.99,This product is wonderful!,Dog,0.7
10,Cat Treats,45.99,This product is wonderful!,Cat,0.8
11,Cat Treats,82.99,This product is wonderful!,Cat,0.7
12,Dog Collar,48.99,This product is the best.,Dog,0.8
13,Dog Bone,77.99,This product is wonderful!,Dog,0.6
14,Cat Treats,69.99,This product is the best.,Cat,0.0
15,Dog Collar,17.99,This product is wonderful!,Dog,0.7
16,Dog Bone,75.99,This product is wonderful!,Dog,0.8
17,Dog Bone,19.99,This product is the best.,Dog,0.6
18,Dog Collar,89.99,This product is the best.,Dog,0.7
19,Dog Collar,58.99,This product is the best.,Dog,0.8
20,Cat Toy,88.99,This product is the best.,Cat,0.8
21,Dog Brush,6.99,This product is the best.,Dog,0.3
22,Cat Treats,64.99,This product is the best.,Cat,0.0
23,Cat Toy,31.99,This product is wonderful!,Cat,0.2
24,Dog Bed,1.99,This product is the best.,Dog,0.2
25,Cat Toy,93.99,This product is wonderful!,Cat,0.1
26,Dog Bed,88.99,This product is the best.,Dog,0.8
27,Dog Bed,47.99,This product is the best.,Dog,0.9
28,Dog Collar,81.99,This product is the best.,Dog,0.7
29,Dog Brush,65.99,This product is pretty good at what its supposed to do.,Dog,0.3
30,Cat Treats,27.99,This product is the best.,Cat,0.5
31,Dog Brush,74.99,This product is the best.,Dog,0.1
32,Dog Bed,20.99,This product is wonderful!,Dog,0.7
33,Cat Toy,34.99,This product is the best.,Cat,0.6
34,Cat Treats,74.99,This product is wonderful!,Cat,0.0
35,Dog Bed,17.99,This product is pretty good at what its supposed to do.,Dog,0.9
36,Dog Bone,59.99,This product is pretty good at what its supposed to do.,Dog,0.1
37,Dog Bed,29.99,This product is wonderful!,Dog,0.5
38,Dog Bed,8.99,This product is pretty good at what its supposed to do.,Dog,1.0
39,Dog Bed,55.99,This product is wonderful!,Dog,0.9
40,Dog Collar,13.99,This product is wonderful!,Dog,0.7
41,Cat Toy,59.99,This product is pretty good at what its supposed to do.,Cat,0.4
42,Dog Bone,86.99,This product is pretty good at what its supposed to do.,Dog,0.2
43,Dog Collar,60.99,This product is pretty good at what its supposed to do.,Dog,0.4
44,Dog Bone,26.99,This product is wonderful!,Dog,0.6
45,Dog Collar,34.99,This product is the best.,Dog,0.6
46,Dog Brush,69.99,This product is the best.,Dog,1.0
47,Dog Collar,16.99,This product is the best.,Dog,0.6
48,Cat Toy,2.99,This product is pretty good at what its supposed to do.,Cat,0.6
49,Dog Bone,46.99,This product is pretty good at what its supposed to do.,Dog,0.7
50,Dog Bed,32.99,This product is pretty good at what its supposed to do.,Dog,0.8
51,Dog Bed,77.99,This product is the best.,Dog,0.8
52,Cat Toy,93.99,This product is pretty good at what its supposed to do.,Cat,0.9
53,Dog Bone,9.99,This product is wonderful!,Dog,1.0
54,Dog Bed,81.99,This product is the best.,Dog,0.3
55,Cat Toy,24.99,This product is pretty good at what its supposed to do.,Cat,0.9
56,Cat Toy,74.99,This product is the best.,Cat,0.4
57,Dog Bed,42.99,This product is wonderful!,Dog,0.5
58,Cat Treats,74.99,This product is the best.,Cat,0.8
59,Dog Collar,51.99,This product is pretty good at what its supposed to do.,Dog,0.6
60,Dog Brush,74.99,This product is pretty good at what its supposed to do.,Dog,0.8
61,Dog Brush,47.99,This product is wonderful!,Dog,0.4
62,Dog Bed,94.99,This product is wonderful!,Dog,0.2
63,Dog Collar,87.99,This product is wonderful!,Dog,0.1
64,Cat Toy,64.99,This product is pretty good at what its supposed to do.,Cat,0.2
65,Dog Bed,96.99,This product is pretty good at what its supposed to do.,Dog,0.2
66,Cat Treats,54.99,This product is the best.,Cat,0.9
67,Dog Collar,43.99,This product is wonderful!,Dog,0.1
68,Cat Toy,56.99,This product is the best.,Cat,0.4
69,Cat Toy,74.99,This product is pretty good at what its supposed to do.,Cat,0.2
70,Dog Bone,80.99,This product is wonderful!,Dog,0.3
71,Cat Toy,72.99,This product is the best.,Cat,0.8
72,Cat Toy,56.99,This product is wonderful!,Cat,1.0
73,Dog Brush,84.99,This product is the best.,Dog,0.4
74,Dog Brush,89.99,This product is pretty good at what its supposed to do.,Dog,0.0
75,Dog Bed,63.99,This product is wonderful!,Dog,0.2
76,Cat Toy,47.99,This product is wonderful!,Cat,0.8
77,Dog Bed,72.99,This product is the best.,Dog,0.6
78,Dog Collar,5.99,This product is wonderful!,Dog,0.1
79,Dog Collar,71.99,This product is pretty good at what its supposed to do.,Dog,1.0
80,Dog Bed,48.99,This product is the best.,Dog,0.6
81,Dog Bed,50.99,This product is pretty good at what its supposed to do.,Dog,0.9
82,Dog Bone,13.99,This product is the best.,Dog,0.5
83,Dog Bone,0.99,This product is the best.,Dog,0.5
84,Cat Toy,20.99,This product is wonderful!,Cat,0.8
85,Cat Toy,65.99,This product is the best.,Cat,0.8
86,Dog Brush,78.99,This product is the best.,Dog,0.8
87,Dog Bone,58.99,This product is the best.,Dog,0.5
88,Cat Toy,73.99,This product is pretty good at what its supposed to do.,Cat,0.1
89,Dog Collar,78.99,This product is wonderful!,Dog,0.2
90,Cat Treats,11.99,This product is pretty good at what its supposed to do.,Cat,0.1
91,Dog Brush,27.99,This product is the best.,Dog,0.1
92,Cat Toy,87.99,This product is the best.,Cat,0.8
93,Dog Bone,46.99,This product is the best.,Dog,0.6
94,Dog Brush,79.99,This product is wonderful!,Dog,1.0
95,Dog Collar,1.99,This product is wonderful!,Dog,0.9
96,Dog Brush,12.99,This product is wonderful!,Dog,0.6
97,Dog Bed,18.99,This product is pretty good at what its supposed to do.,Dog,0.2
98,Cat Toy,84.99,This product is pretty good at what its supposed to do.,Cat,0.7
99,Dog Brush,7.99,This product is pretty good at what its supposed to do.,Dog,0.9
100,Dog Collar,0.99,This product is the best.,Dog,0.7
101,Dog Bed,85.99,This product is wonderful!,Dog,0.3
102,Dog Bed,26.99,This product is the best.,Dog,0.6
103,Dog Bed,17.99,This product is wonderful!,Dog,0.9
104,Dog Bone,71.99,This product is wonderful!,Dog,0.3
105,Cat Treats,92.99,This product is pretty good at what its supposed to do.,Cat,1.0
106,Cat Toy,35.99,This product is the best.,Cat,0.9
107,Dog Bone,16.99,This product is wonderful!,Dog,0.2
108,Cat Toy,72.99,This product is pretty good at what its supposed to do.,Cat,0.7
109,Dog Bone,69.99,This product is pretty good at what its supposed to do.,Dog,0.0
110,Dog Bone,94.99,This product is pretty good at what its supposed to do.,Dog,0.0
111,Cat Toy,68.99,This product is the best.,Cat,0.2
112,Dog Brush,1.99,This product is wonderful!,Dog,0.6
113,Cat Treats,38.99,This product is wonderful!,Cat,0.1
114,Cat Toy,86.99,This product is pretty good at what its supposed to do.,Cat,0.6
115,Dog Collar,47.99,This product is pretty good at what its supposed to do.,Dog,0.7
116,Dog Brush,62.99,This product is pretty good at what its supposed to do.,Dog,0.3
117,Dog Collar,66.99,This product is wonderful!,Dog,0.3
118,Dog Brush,74.99,This product is wonderful!,Dog,0.8
119,Dog Collar,84.99,This product is pretty good at what its supposed to do.,Dog,0.2
120,Cat Treats,28.99,This product is pretty good at what its supposed to do.,Cat,0.3
121,Cat Treats,19.99,This product is the best.,Cat,0.0
122,Cat Treats,65.99,This product is wonderful!,Cat,0.3
123,Dog Brush,77.99,This product is pretty good at what its supposed to do.,Dog,0.4
124,Dog Bone,68.99,This product is wonderful!,Dog,0.2
125,Dog Brush,48.99,This product is wonderful!,Dog,1.0
126,Dog Brush,96.99,This product is the best.,Dog,0.0
127,Cat Toy,39.99,This product is the best.,Cat,0.6
128,Cat Toy,94.99,This product is wonderful!,Cat,0.3
129,Cat Treats,81.99,This product is pretty good at what its supposed to do.,Cat,0.7
130,Dog Bed,48.99,This product is the best.,Dog,0.8
131,Cat Toy,61.99,This product is the best.,Cat,1.0
132,Dog Brush,63.99,This product is the best.,Dog,0.8
133,Cat Treats,53.99,This product is pretty good at what its supposed to do.,Cat,0.8
134,Dog Collar,3.99,This product is wonderful!,Dog,0.3
135,Dog Collar,36.99,This product is the best.,Dog,0.9
136,Cat Treats,30.99,This product is the best.,Cat,0.5
137,Dog Brush,68.99,This product is the best.,Dog,0.3
138,Dog Bed,13.99,This product is pretty good at what its supposed to do.,Dog,0.9
139,Dog Brush,19.99,This product is wonderful!,Dog,0.4
140,Cat Treats,20.99,This product is pretty good at what its supposed to do.,Cat,0.9
141,Dog Collar,3.99,This product is pretty good at what its supposed to do.,Dog,0.4
142,Dog Brush,21.99,This product is the best.,Dog,0.8
143,Dog Collar,86.99,This product is the best.,Dog,0.1
144,Cat Treats,63.99,This product is the best.,Cat,0.3
145,Dog Bone,38.99,This product is the best.,Dog,0.8
146,Dog Bed,90.99,This product is wonderful!,Dog,0.6
147,Cat Toy,48.99,This product is wonderful!,Cat,0.7
148,Cat Toy,84.99,This product is the best.,Cat,0.0
149,Dog Bone,52.99,This product is the best.,Dog,0.7
150,Cat Treats,45.99,This product is wonderful!,Cat,0.3
151,Dog Bed,63.99,This product is wonderful!,Dog,0.6
152,Cat Treats,15.99,This product is the best.,Cat,0.8
153,Cat Toy,96.99,This product is the best.,Cat,0.8
154,Dog Brush,60.99,This product is pretty good at what its supposed to do.,Dog,0.2
155,Cat Toy,18.99,This product is pretty good at what its supposed to do.,Cat,0.6
156,Cat Treats,15.99,This product is the best.,Cat,0.7
157,Cat Treats,59.99,This product is pretty good at what its supposed to do.,Cat,0.6
158,Dog Brush,50.99,This product is the best.,Dog,0.6
159,Dog Collar,63.99,This product is wonderful!,Dog,0.9
160,Cat Treats,48.99,This product is pretty good at what its supposed to do.,Cat,0.5
161,Dog Collar,42.99,This product is wonderful!,Dog,0.5
162,Dog Bed,63.99,This product is pretty good at what its supposed to do.,Dog,0.3
163,Dog Collar,29.99,This product is wonderful!,Dog,0.1
164,Cat Toy,66.99,This product is pretty good at what its supposed to do.,Cat,0.5
165,Cat Toy,31.99,This product is the best.,Cat,0.6
166,Cat Toy,63.99,This product is wonderful!,Cat,1.0
167,Dog Collar,61.99,This product is wonderful!,Dog,0.5
168,Cat Treats,16.99,This product is the best.,Cat,0.6
169,Dog Collar,12.99,This product is pretty good at what its supposed to do.,Dog,0.1
170,Dog Brush,87.99,This product is the best.,Dog,0.2
171,Cat Toy,93.99,This product is wonderful!,Cat,0.8
172,Dog Brush,92.99,This product is the best.,Dog,0.3
173,Dog Bed,58.99,This product is the best.,Dog,0.7
174,Dog Brush,12.99,This product is pretty good at what its supposed to do.,Dog,1.0
175,Dog Bone,49.99,This product is the best.,Dog,0.0
176,Dog Bone,73.99,This product is the best.,Dog,0.8
177,Dog Bed,92.99,This product is wonderful!,Dog,0.3
178,Dog Brush,64.99,This product is wonderful!,Dog,0.6
179,Dog Bone,59.99,This product is the best.,Dog,0.0
180,Dog Collar,97.99,This product is pretty good at what its supposed to do.,Dog,0.2
181,Cat Toy,60.99,This product is pretty good at what its supposed to do.,Cat,0.4
182,Dog Collar,44.99,This product is wonderful!,Dog,0.2
183,Dog Bone,22.99,This product is the best.,Dog,0.8
184,Dog Collar,67.99,This product is pretty good at what its supposed to do.,Dog,0.4
185,Dog Brush,69.99,This product is the best.,Dog,0.2
186,Cat Treats,45.99,This product is pretty good at what its supposed to do.,Cat,0.7
187,Dog Collar,42.99,This product is pretty good at what its supposed to do.,Dog,0.5
188,Dog Bone,81.99,This product is wonderful!,Dog,0.9
189,Cat Treats,68.99,This product is the best.,Cat,0.7
190,Dog Bone,17.99,This product is wonderful!,Dog,0.2
191,Dog Brush,53.99,This product is pretty good at what its supposed to do.,Dog,0.8
192,Dog Brush,0.99,This product is the best.,Dog,0.5
193,Dog Bone,99.99,This product is pretty good at what its supposed to do.,Dog,0.4
194,Cat Toy,5.99,This product is wonderful!,Cat,0.6
195,Dog Bed,27.99,This product is the best.,Dog,0.5
196,Cat Toy,80.99,This product is the best.,Cat,0.1
197,Cat Toy,95.99,This product is the best.,Cat,0.2
198,Dog Bed,19.99,This product is wonderful!,Dog,0.5
199,Cat Toy,43.99,This product is the best.,Cat,0.1
200,Cat Toy,73.99,This product is pretty good at what its supposed to do.,Cat,0.7
201,Cat Treats,85.99,This product is pretty good at what its supposed to do.,Cat,0.6
202,Dog Bed,38.99,This product is wonderful!,Dog,0.9
203,Dog Collar,7.99,This product is pretty good at what its supposed to do.,Dog,0.3
204,Dog Bed,63.99,This product is pretty good at what its supposed to do.,Dog,0.0
205,Cat Toy,45.99,This product is pretty good at what its supposed to do.,Cat,0.2
206,Cat Treats,96.99,This product is wonderful!,Cat,0.6
207,Dog Brush,49.99,This product is wonderful!,Dog,0.8
208,Dog Collar,31.99,This product is the best.,Dog,0.9
209,Dog Bone,9.99,This product is wonderful!,Dog,0.5
210,Dog Bed,42.99,This product is pretty good at what its supposed to do.,Dog,0.2
211,Dog Bed,17.99,This product is pretty good at what its supposed to do.,Dog,0.4
212,Cat Treats,73.99,This product is wonderful!,Cat,0.4
213,Dog Bone,63.99,This product is pretty good at what its supposed to do.,Dog,0.2
214,Dog Bed,80.99,This product is pretty good at what its supposed to do.,Dog,0.9
215,Dog Collar,15.99,This product is the best.,Dog,0.7
216,Dog Bed,8.99,This product is the best.,Dog,0.6
217,Dog Bone,40.99,This product is pretty good at what its supposed to do.,Dog,0.8
218,Dog Bone,80.99,This product is pretty good at what its supposed to do.,Dog,0.9
219,Dog Brush,46.99,This product is wonderful!,Dog,0.4
220,Cat Treats,54.99,This product is wonderful!,Cat,0.0
221,Dog Collar,31.99,This product is the best.,Dog,0.4
222,Cat Treats,79.99,This product is the best.,Cat,0.6
223,Cat Toy,3.99,This product is wonderful!,Cat,0.5
224,Cat Toy,61.99,This product is pretty good at what its supposed to do.,Cat,0.3
225,Dog Bone,36.99,This product is wonderful!,Dog,0.2
226,Dog Bone,43.99,This product is pretty good at what its supposed to do.,Dog,0.1
227,Dog Collar,20.99,This product is pretty good at what its supposed to do.,Dog,0.7
228,Cat Treats,4.99,This product is wonderful!,Cat,0.7
229,Cat Toy,86.99,This product is wonderful!,Cat,0.0
230,Dog Brush,22.99,This product is pretty good at what its supposed to do.,Dog,1.0
231,Cat Treats,70.99,This product is wonderful!,Cat,0.8
232,Dog Collar,77.99,This product is the best.,Dog,0.8
233,Cat Toy,24.99,This product is the best.,Cat,0.6
234,Cat Toy,64.99,This product is wonderful!,Cat,0.7
235,Dog Bed,68.99,This product is wonderful!,Dog,0.6
236,Dog Collar,17.99,This product is wonderful!,Dog,0.9
237,Dog Bed,22.99,This product is wonderful!,Dog,0.4
238,Dog Brush,93.99,This product is pretty good at what its supposed to do.,Dog,1.0
239,Dog Bed,57.99,This product is wonderful!,Dog,0.8
240,Cat Treats,27.99,This product is wonderful!,Cat,0.4
241,Dog Bed,21.99,This product is wonderful!,Dog,0.8
242,Cat Treats,38.99,This product is the best.,Cat,0.5
243,Cat Toy,5.99,This product is the best.,Cat,0.6
244,Dog Collar,66.99,This product is the best.,Dog,0.0
245,Dog Bed,20.99,This product is the best.,Dog,0.5
246,Dog Bone,29.99,This product is wonderful!,Dog,0.8
247,Cat Toy,88.99,This product is the best.,Cat,0.5
248,Cat Toy,35.99,This product is wonderful!,Cat,0.3
249,Dog Bone,48.99,This product is pretty good at what its supposed to do.,Dog,0.8
250,Dog Brush,92.99,This product is the best.,Dog,0.3
251,Dog Bed,2.99,This product is pretty good at what its supposed to do.,Dog,1.0
252,Dog Bed,54.99,This product is pretty good at what its supposed to do.,Dog,0.7
253,Dog Bed,60.99,This product is the best.,Dog,0.5
254,Dog Brush,29.99,This product is the best.,Dog,0.2
255,Cat Toy,10.99,This product is pretty good at what its supposed to do.,Cat,0.8
256,Cat Treats,87.99,This product is wonderful!,Cat,0.1
257,Dog Collar,4.99,This product is the best.,Dog,0.7
258,Cat Toy,30.99,This product is the best.,Cat,0.5
259,Cat Toy,19.99,This product is pretty good at what its supposed to do.,Cat,0.3
260,Cat Treats,34.99,This product is wonderful!,Cat,0.7
261,Dog Bone,68.99,This product is wonderful!,Dog,0.7
262,Cat Toy,34.99,This product is the best.,Cat,0.6
263,Dog Bone,38.99,This product is pretty good at what its supposed to do.,Dog,0.6
264,Dog Bone,35.99,This product is pretty good at what its supposed to do.,Dog,0.7
265,Dog Bed,95.99,This product is pretty good at what its supposed to do.,Dog,0.7
266,Dog Collar,14.99,This product is the best.,Dog,1.0
267,Dog Brush,44.99,This product is pretty good at what its supposed to do.,Dog,0.1
268,Dog Bone,22.99,This product is wonderful!,Dog,0.9
269,Cat Toy,70.99,This product is the best.,Cat,0.6
270,Cat Toy,52.99,This product is the best.,Cat,0.0
271,Dog Collar,31.99,This product is pretty good at what its supposed to do.,Dog,0.9
272,Cat Treats,53.99,This product is wonderful!,Cat,0.6
273,Dog Collar,4.99,This product is wonderful!,Dog,0.2
274,Dog Bone,43.99,This product is wonderful!,Dog,0.4
275,Dog Bed,1.99,This product is the best.,Dog,0.8
276,Dog Brush,35.99,This product is wonderful!,Dog,0.5
277,Cat Toy,76.99,This product is the best.,Cat,0.9
278,Cat Treats,67.99,This product is pretty good at what its supposed to do.,Cat,0.1
279,Dog Brush,74.99,This product is the best.,Dog,0.8
280,Cat Treats,48.99,This product is pretty good at what its supposed to do.,Cat,0.7
281,Dog Bone,35.99,This product is the best.,Dog,0.1
282,Cat Treats,72.99,This product is pretty good at what its supposed to do.,Cat,0.7
283,Cat Treats,43.99,This product is pretty good at what its supposed to do.,Cat,0.1
284,Dog Brush,51.99,This product is the best.,Dog,0.9
285,Cat Toy,45.99,This product is wonderful!,Cat,0.8
286,Cat Treats,60.99,This product is wonderful!,Cat,0.6
287,Cat Toy,81.99,This product is the best.,Cat,0.9
288,Cat Treats,90.99,This product is the best.,Cat,0.9
289,Cat Treats,3.99,This product is the best.,Cat,0.3
290,Cat Treats,20.99,This product is pretty good at what its supposed to do.,Cat,0.6
291,Dog Collar,74.99,This product is pretty good at what its supposed to do.,Dog,0.3
292,Dog Bed,70.99,This product is pretty good at what its supposed to do.,Dog,0.5
293,Cat Treats,35.99,This product is wonderful!,Cat,0.2
294,Dog Brush,77.99,This product is pretty good at what its supposed to do.,Dog,0.8
295,Dog Bed,15.99,This product is the best.,Dog,0.8
296,Dog Bone,65.99,This product is the best.,Dog,0.3
297,Dog Collar,91.99,This product is wonderful!,Dog,0.4
298,Dog Collar,85.99,This product is wonderful!,Dog,0.6
299,Dog Brush,97.99,This product is wonderful!,Dog,0.4
300,Dog Bone,89.99,This product is wonderful!,Dog,0.8
301,Dog Bone,60.99,This product is the best.,Dog,0.2
302,Cat Treats,77.99,This product is pretty good at what its supposed to do.,Cat,0.5
303,Dog Bed,35.99,This product is the best.,Dog,0.9
304,Dog Brush,17.99,This product is pretty good at what its supposed to do.,Dog,0.5
305,Dog Collar,46.99,This product is the best.,Dog,0.0
306,Dog Bed,21.99,This product is pretty good at what its supposed to do.,Dog,0.1
307,Cat Treats,95.99,This product is the best.,Cat,0.7
308,Dog Brush,56.99,This product is wonderful!,Dog,0.3
309,Cat Toy,74.99,This product is wonderful!,Cat,1.0
310,Dog Bone,22.99,This product is pretty good at what its supposed to do.,Dog,0.6
311,Cat Toy,69.99,This product is pretty good at what its supposed to do.,Cat,0.5
312,Dog Bed,53.99,This product is the best.,Dog,0.3
313,Cat Toy,26.99,This product is wonderful!,Cat,0.0
314,Dog Bone,21.99,This product is wonderful!,Dog,0.1
315,Dog Collar,78.99,This product is the best.,Dog,0.7
316,Dog Brush,24.99,This product is the best.,Dog,0.0
317,Dog Brush,80.99,This product is the best.,Dog,0.9
318,Cat Toy,98.99,This product is wonderful!,Cat,0.8
319,Dog Bone,55.99,This product is pretty good at what its supposed to do.,Dog,0.4
320,Cat Treats,8.99,This product is the best.,Cat,0.2
321,Dog Bed,21.99,This product is pretty good at what its supposed to do.,Dog,0.1
322,Cat Toy,88.99,This product is pretty good at what its supposed to do.,Cat,0.5
323,Dog Bed,99.99,This product is wonderful!,Dog,0.2
324,Dog Bed,32.99,This product is the best.,Dog,0.1
325,Cat Treats,53.99,This product is pretty good at what its supposed to do.,Cat,0.6
326,Dog Bone,96.99,This product is pretty good at what its supposed to do.,Dog,0.5
327,Cat Toy,87.99,This product is pretty good at what its supposed to do.,Cat,0.4
328,Cat Treats,96.99,This product is the best.,Cat,0.2
329,Dog Collar,59.99,This product is wonderful!,Dog,0.9
330,Cat Treats,44.99,This product is pretty good at what its supposed to do.,Cat,0.1
331,Dog Collar,1.99,This product is wonderful!,Dog,0.2
332,Dog Brush,22.99,This product is pretty good at what its supposed to do.,Dog,0.6
333,Dog Brush,26.99,This product is pretty good at what its supposed to do.,Dog,0.6
334,Dog Bone,93.99,This product is pretty good at what its supposed to do.,Dog,0.9
335,Dog Brush,97.99,This product is the best.,Dog,0.9
336,Cat Toy,69.99,This product is pretty good at what its supposed to do.,Cat,0.8
337,Cat Toy,71.99,This product is pretty good at what its supposed to do.,Cat,1.0
338,Cat Toy,78.99,This product is the best.,Cat,0.8
339,Dog Collar,30.99,This product is wonderful!,Dog,0.8
340,Dog Bone,13.99,This product is the best.,Dog,0.6
341,Dog Brush,66.99,This product is pretty good at what its supposed to do.,Dog,0.5
342,Dog Bone,1.99,This product is wonderful!,Dog,0.7
343,Dog Bed,47.99,This product is the best.,Dog,0.9
344,Cat Toy,93.99,This product is wonderful!,Cat,1.0
345,Dog Bone,81.99,This product is the best.,Dog,0.6
346,Dog Bed,58.99,This product is pretty good at what its supposed to do.,Dog,0.2
347,Dog Bone,90.99,This product is wonderful!,Dog,0.6
348,Dog Bone,18.99,This product is the best.,Dog,1.0
349,Cat Treats,48.99,This product is wonderful!,Cat,0.5
350,Dog Collar,86.99,This product is pretty good at what its supposed to do.,Dog,1.0
351,Dog Collar,25.99,This product is pretty good at what its supposed to do.,Dog,0.4
352,Dog Bone,92.99,This product is pretty good at what its supposed to do.,Dog,0.6
353,Dog Collar,82.99,This product is the best.,Dog,0.4
354,Dog Bone,37.99,This product is wonderful!,Dog,0.1
355,Cat Treats,65.99,This product is wonderful!,Cat,0.0
356,Dog Bone,35.99,This product is the best.,Dog,1.0
357,Dog Collar,38.99,This product is the best.,Dog,0.1
358,Cat Toy,20.99,This product is the best.,Cat,0.3
359,Dog Bed,78.99,This product is wonderful!,Dog,0.2
360,Cat Treats,93.99,This product is pretty good at what its supposed to do.,Cat,0.6
361,Dog Bone,58.99,This product is wonderful!,Dog,0.9
362,Dog Bed,3.99,This product is the best.,Dog,0.5
363,Dog Bone,89.99,This product is wonderful!,Dog,0.4
364,Dog Bone,71.99,This product is pretty good at what its supposed to do.,Dog,0.5
365,Dog Brush,11.99,This product is wonderful!,Dog,0.7
366,Cat Treats,68.99,This product is pretty good at what its supposed to do.,Cat,0.5
367,Cat Treats,14.99,This product is pretty good at what its supposed to do.,Cat,0.8
368,Dog Bed,6.99,This product is pretty good at what its supposed to do.,Dog,0.2
369,Dog Bed,14.99,This product is wonderful!,Dog,0.7
370,Dog Bone,8.99,This product is wonderful!,Dog,0.6
371,Dog Collar,8.99,This product is pretty good at what its supposed to do.,Dog,0.3
372,Dog Brush,29.99,This product is pretty good at what its supposed to do.,Dog,0.7
373,Cat Treats,93.99,This product is wonderful!,Cat,0.6
374,Dog Bone,7.99,This product is pretty good at what its supposed to do.,Dog,0.3
375,Dog Brush,48.99,This product is the best.,Dog,0.9
376,Dog Collar,9.99,This product is pretty good at what its supposed to do.,Dog,0.4
377,Dog Brush,96.99,This product is the best.,Dog,0.0
378,Cat Toy,19.99,This product is the best.,Cat,0.0
379,Dog Bone,23.99,This product is wonderful!,Dog,0.4
380,Dog Brush,39.99,This product is wonderful!,Dog,0.1
381,Dog Brush,19.99,This product is wonderful!,Dog,1.0
382,Cat Toy,55.99,This product is the best.,Cat,0.2
383,Dog Bone,76.99,This product is the best.,Dog,0.3
384,Dog Collar,94.99,This product is the best.,Dog,0.8
385,Cat Treats,48.99,This product is wonderful!,Cat,0.8
386,Dog Brush,55.99,This product is pretty good at what its supposed to do.,Dog,0.3
387,Cat Toy,70.99,This product is pretty good at what its supposed to do.,Cat,0.9
388,Dog Collar,74.99,This product is pretty good at what its supposed to do.,Dog,0.4
389,Cat Treats,93.99,This product is the best.,Cat,0.4
390,Dog Brush,89.99,This product is the best.,Dog,0.5
391,Dog Bed,20.99,This product is pretty good at what its supposed to do.,Dog,0.2
392,Dog Collar,28.99,This product is wonderful!,Dog,0.3
393,Dog Collar,69.99,This product is pretty good at what its supposed to do.,Dog,0.6
394,Cat Toy,60.99,This product is wonderful!,Cat,0.5
395,Dog Collar,64.99,This product is pretty good at what its supposed to do.,Dog,0.4
396,Cat Treats,7.99,This product is pretty good at what its supposed to do.,Cat,0.2
397,Dog Brush,10.99,This product is pretty good at what its supposed to do.,Dog,0.4
398,Dog Bone,89.99,This product is pretty good at what its supposed to do.,Dog,0.1
399,Dog Bed,44.99,This product is the best.,Dog,0.5
400,Cat Treats,82.99,This product is wonderful!,Cat,0.7
401,Cat Toy,20.99,This product is the best.,Cat,0.0
402,Dog Collar,83.99,This product is pretty good at what its supposed to do.,Dog,0.7
403,Dog Collar,54.99,This product is the best.,Dog,0.6
404,Cat Treats,45.99,This product is the best.,Cat,0.2
405,Dog Brush,21.99,This product is the best.,Dog,0.2
406,Cat Toy,34.99,This product is the best.,Cat,0.9
407,Dog Bed,67.99,This product is the best.,Dog,0.9
408,Dog Bone,94.99,This product is the best.,Dog,0.2
409,Cat Toy,2.99,This product is wonderful!,Cat,0.4
410,Dog Bed,26.99,This product is pretty good at what its supposed to do.,Dog,0.2
411,Dog Bone,85.99,This product is the best.,Dog,0.9
412,Cat Treats,28.99,This product is wonderful!,Cat,0.2
413,Cat Treats,81.99,This product is wonderful!,Cat,0.8
414,Cat Treats,27.99,This product is wonderful!,Cat,0.5
415,Dog Brush,31.99,This product is the best.,Dog,0.9
416,Cat Treats,2.99,This product is pretty good at what its supposed to do.,Cat,0.1
417,Cat Treats,43.99,This product is pretty good at what its supposed to do.,Cat,0.4
418,Dog Bone,0.99,This product is the best.,Dog,0.1
419,Dog Bone,51.99,This product is wonderful!,Dog,0.1
420,Dog Bone,62.99,This product is the best.,Dog,0.9
421,Dog Bed,35.99,This product is the best.,Dog,0.8
422,Dog Bed,32.99,This product is the best.,Dog,0.1
423,Cat Treats,73.99,This product is wonderful!,Cat,0.1
424,Dog Brush,41.99,This product is pretty good at what its supposed to do.,Dog,0.0
425,Dog Collar,84.99,This product is wonderful!,Dog,0.7
426,Dog Brush,38.99,This product is wonderful!,Dog,0.8
427,Cat Toy,7.99,This product is wonderful!,Cat,0.4
428,Dog Bed,52.99,This product is the best.,Dog,0.0
429,Dog Bed,7.99,This product is wonderful!,Dog,0.7
430,Dog Brush,17.99,This product is pretty good at what its supposed to do.,Dog,0.4
431,Dog Bone,72.99,This product is wonderful!,Dog,0.3
432,Dog Brush,35.99,This product is the best.,Dog,0.2
433,Dog Brush,56.99,This product is the best.,Dog,0.0
434,Cat Toy,89.99,This product is wonderful!,Cat,1.0
435,Cat Toy,22.99,This product is pretty good at what its supposed to do.,Cat,0.6
436,Dog Brush,38.99,This product is wonderful!,Dog,0.4
437,Cat Treats,98.99,This product is the best.,Cat,0.8
438,Dog Bone,30.99,This product is wonderful!,Dog,0.0
439,Dog Collar,19.99,This product is pretty good at what its supposed to do.,Dog,0.1
440,Cat Treats,54.99,This product is the best.,Cat,0.2
441,Cat Treats,57.99,This product is pretty good at what its supposed to do.,Cat,0.0
442,Dog Brush,50.99,This product is wonderful!,Dog,0.8
443,Dog Bone,75.99,This product is pretty good at what its supposed to do.,Dog,0.5
444,Cat Toy,72.99,This product is wonderful!,Cat,0.4
445,Dog Bone,81.99,This product is pretty good at what its supposed to do.,Dog,0.4
446,Dog Collar,63.99,This product is wonderful!,Dog,0.9
447,Cat Treats,71.99,This product is pretty good at what its supposed to do.,Cat,0.1
448,Cat Treats,57.99,This product is the best.,Cat,0.1
449,Cat Toy,22.99,This product is wonderful!,Cat,0.9
450,Dog Bone,98.99,This product is the best.,Dog,0.5
451,Cat Treats,13.99,This product is pretty good at what its supposed to do.,Cat,0.7
452,Dog Bed,39.99,This product is wonderful!,Dog,0.4
453,Dog Brush,90.99,This product is the best.,Dog,0.2
454,Dog Collar,63.99,This product is wonderful!,Dog,0.0
455,Dog Bone,91.99,This product is wonderful!,Dog,0.1
456,Cat Toy,30.99,This product is wonderful!,Cat,0.4
457,Dog Brush,54.99,This product is wonderful!,Dog,0.9
458,Dog Bone,4.99,This product is pretty good at what its supposed to do.,Dog,0.2
459,Dog Collar,86.99,This product is the best.,Dog,0.9
460,Dog Brush,56.99,This product is pretty good at what its supposed to do.,Dog,0.3
461,Cat Toy,62.99,This product is pretty good at what its supposed to do.,Cat,0.7
462,Cat Toy,73.99,This product is wonderful!,Cat,0.5
463,Dog Bed,73.99,This product is the best.,Dog,0.8
464,Cat Toy,26.99,This product is wonderful!,Cat,0.3
465,Cat Toy,71.99,This product is wonderful!,Cat,0.7
466,Cat Treats,0.99,This product is wonderful!,Cat,0.6
467,Dog Bone,80.99,This product is the best.,Dog,0.3
468,Cat Toy,92.99,This product is the best.,Cat,1.0
469,Dog Bed,12.99,This product is wonderful!,Dog,0.4
470,Dog Collar,13.99,This product is pretty good at what its supposed to do.,Dog,0.9
471,Dog Collar,15.99,This product is wonderful!,Dog,0.7
472,Cat Toy,69.99,This product is pretty good at what its supposed to do.,Cat,0.7
473,Dog Collar,42.99,This product is the best.,Dog,0.6
474,Dog Bed,55.99,This product is wonderful!,Dog,0.7
475,Dog Brush,30.99,This product is wonderful!,Dog,0.0
476,Dog Bone,72.99,This product is the best.,Dog,0.8
477,Dog Bone,81.99,This product is the best.,Dog,0.1
478,Dog Brush,42.99,This product is pretty good at what its supposed to do.,Dog,0.4
479,Cat Treats,40.99,This product is the best.,Cat,0.5
480,Dog Collar,95.99,This product is wonderful!,Dog,0.7
481,Dog Bed,52.99,This product is the best.,Dog,0.4
482,Dog Bone,28.99,This product is the best.,Dog,0.5
483,Dog Collar,83.99,This product is the best.,Dog,0.5
484,Dog Bone,59.99,This product is the best.,Dog,0.6
485,Dog Brush,75.99,This product is pretty good at what its supposed to do.,Dog,0.1
486,Cat Treats,86.99,This product is pretty good at what its supposed to do.,Cat,0.9
487,Dog Collar,19.99,This product is the best.,Dog,0.8
488,Dog Brush,58.99,This product is pretty good at what its supposed to do.,Dog,0.8
489,Dog Brush,24.99,This product is the best.,Dog,0.7
490,Dog Bone,59.99,This product is the best.,Dog,0.6
491,Dog Bone,4.99,This product is pretty good at what its supposed to do.,Dog,0.8
492,Dog Bed,57.99,This product is pretty good at what its supposed to do.,Dog,0.6
493,Dog Bone,15.99,This product is pretty good at what its supposed to do.,Dog,0.2
494,Cat Treats,20.99,This product is wonderful!,Cat,0.4
495,Dog Bed,35.99,This product is pretty good at what its supposed to do.,Dog,0.1
496,Dog Bone,88.99,This product is the best.,Dog,0.7
497,Cat Toy,4.99,This product is pretty good at what its supposed to do.,Cat,0.5
498,Dog Bone,21.99,This product is pretty good at what its supposed to do.,Dog,0.6
499,Dog Bed,15.99,This product is pretty good at what its supposed to do.,Dog,0.1
500,Cat Toy,42.99,This product is wonderful!,Cat,0.3
501,Cat Treats,45.99,This product is the best.,Cat,0.3
502,Dog Brush,72.99,This product is pretty good at what its supposed to do.,Dog,0.7
503,Dog Collar,13.99,This product is the best.,Dog,1.0
504,Cat Toy,6.99,This product is the best.,Cat,0.0
505,Dog Collar,80.99,This product is wonderful!,Dog,0.9
506,Cat Treats,58.99,This product is wonderful!,Cat,0.1
507,Dog Brush,52.99,This product is wonderful!,Dog,0.3
508,Dog Collar,1.99,This product is pretty good at what its supposed to do.,Dog,0.9
509,Dog Brush,95.99,This product is the best.,Dog,0.9
510,Cat Treats,69.99,This product is the best.,Cat,0.9
511,Dog Collar,42.99,This product is pretty good at what its supposed to do.,Dog,0.1
512,Dog Bed,31.99,This product is the best.,Dog,0.7
513,Dog Collar,30.99,This product is pretty good at what its supposed to do.,Dog,0.3
514,Cat Toy,99.99,This product is the best.,Cat,1.0
515,Cat Treats,7.99,This product is pretty good at what its supposed to do.,Cat,0.5
516,Dog Bone,40.99,This product is the best.,Dog,0.2
517,Dog Bed,7.99,This product is wonderful!,Dog,0.7
518,Cat Treats,42.99,This product is the best.,Cat,0.4
519,Cat Treats,47.99,This product is pretty good at what its supposed to do.,Cat,0.1
520,Cat Treats,81.99,This product is the best.,Cat,0.7
521,Cat Toy,67.99,This product is wonderful!,Cat,0.2
522,Dog Bed,92.99,This product is pretty good at what its supposed to do.,Dog,0.3
523,Cat Treats,87.99,This product is the best.,Cat,0.2
524,Dog Bone,47.99,This product is the best.,Dog,0.5
525,Dog Bed,34.99,This product is the best.,Dog,0.5
526,Dog Brush,75.99,This product is pretty good at what its supposed to do.,Dog,0.9
527,Dog Bed,13.99,This product is the best.,Dog,0.3
528,Dog Bone,3.99,This product is the best.,Dog,0.9
529,Dog Collar,6.99,This product is wonderful!,Dog,0.9
530,Dog Bone,36.99,This product is pretty good at what its supposed to do.,Dog,0.7
531,Dog Bone,31.99,This product is the best.,Dog,0.8
532,Dog Bone,14.99,This product is pretty good at what its supposed to do.,Dog,0.0
533,Dog Brush,21.99,This product is pretty good at what its supposed to do.,Dog,0.3
534,Dog Brush,51.99,This product is pretty good at what its supposed to do.,Dog,0.1
535,Cat Treats,50.99,This product is pretty good at what its supposed to do.,Cat,0.9
536,Dog Bed,67.99,This product is pretty good at what its supposed to do.,Dog,0.4
537,Dog Bone,95.99,This product is wonderful!,Dog,0.6
538,Dog Collar,65.99,This product is wonderful!,Dog,0.7
539,Dog Bed,85.99,This product is the best.,Dog,0.7
540,Dog Collar,26.99,This product is the best.,Dog,0.6
541,Dog Bed,52.99,This product is the best.,Dog,0.5
542,Cat Treats,93.99,This product is wonderful!,Cat,0.8
543,Dog Bed,42.99,This product is the best.,Dog,0.1
544,Cat Toy,93.99,This product is the best.,Cat,0.0
545,Cat Treats,83.99,This product is pretty good at what its supposed to do.,Cat,0.6
546,Cat Treats,4.99,This product is pretty good at what its supposed to do.,Cat,0.4
547,Dog Collar,40.99,This product is pretty good at what its supposed to do.,Dog,0.3
548,Cat Toy,78.99,This product is pretty good at what its supposed to do.,Cat,0.3
549,Cat Toy,48.99,This product is the best.,Cat,0.5
550,Dog Bed,87.99,This product is the best.,Dog,0.5
551,Cat Toy,72.99,This product is the best.,Cat,0.4
552,Dog Collar,32.99,This product is wonderful!,Dog,1.0
553,Cat Treats,72.99,This product is the best.,Cat,0.1
554,Dog Brush,57.99,This product is the best.,Dog,0.7
555,Dog Collar,29.99,This product is pretty good at what its supposed to do.,Dog,0.9
556,Dog Bone,6.99,This product is the best.,Dog,0.8
557,Dog Bed,23.99,This product is pretty good at what its supposed to do.,Dog,0.1
558,Cat Treats,38.99,This product is pretty good at what its supposed to do.,Cat,0.1
559,Dog Bone,68.99,This product is the best.,Dog,0.6
560,Cat Toy,31.99,This product is wonderful!,Cat,0.2
561,Cat Toy,66.99,This product is pretty good at what its supposed to do.,Cat,0.3
562,Dog Brush,61.99,This product is the best.,Dog,0.8
563,Dog Brush,17.99,This product is pretty good at what its supposed to do.,Dog,0.4
564,Cat Toy,72.99,This product is the best.,Cat,0.5
565,Cat Toy,89.99,This product is pretty good at what its supposed to do.,Cat,0.4
566,Dog Brush,96.99,This product is wonderful!,Dog,0.6
567,Dog Bone,15.99,This product is pretty good at what its supposed to do.,Dog,0.9
568,Dog Bone,52.99,This product is pretty good at what its supposed to do.,Dog,0.8
569,Dog Brush,48.99,This product is pretty good at what its supposed to do.,Dog,0.2
570,Cat Toy,42.99,This product is the best.,Cat,0.8
571,Dog Brush,89.99,This product is the best.,Dog,0.5
572,Dog Collar,99.99,This product is the best.,Dog,0.4
573,Dog Collar,77.99,This product is wonderful!,Dog,0.0
574,Dog Brush,20.99,This product is wonderful!,Dog,0.2
575,Cat Treats,36.99,This product is pretty good at what its supposed to do.,Cat,0.8
576,Dog Bed,23.99,This product is wonderful!,Dog,0.6
577,Dog Bone,21.99,This product is pretty good at what its supposed to do.,Dog,0.1
578,Cat Toy,35.99,This product is the best.,Cat,0.5
579,Dog Bed,32.99,This product is pretty good at what its supposed to do.,Dog,0.2
580,Dog Collar,62.99,This product is wonderful!,Dog,0.9
581,Dog Bed,86.99,This product is pretty good at what its supposed to do.,Dog,0.6
582,Dog Brush,32.99,This product is the best.,Dog,0.6
583,Dog Bed,53.99,This product is the best.,Dog,0.4
584,Cat Treats,67.99,This product is wonderful!,Cat,0.8
585,Dog Brush,42.99,This product is the best.,Dog,0.1
586,Cat Treats,19.99,This product is pretty good at what its supposed to do.,Cat,1.0
587,Dog Bed,38.99,This product is the best.,Dog,0.4
588,Dog Collar,54.99,This product is pretty good at what its supposed to do.,Dog,0.7
589,Dog Collar,26.99,This product is wonderful!,Dog,0.0
590,Dog Bed,89.99,This product is pretty good at what its supposed to do.,Dog,0.1
591,Dog Brush,75.99,This product is the best.,Dog,0.6
592,Cat Treats,42.99,This product is pretty good at what its supposed to do.,Cat,1.0
593,Dog Collar,32.99,This product is pretty good at what its supposed to do.,Dog,0.3
594,Dog Brush,55.99,This product is wonderful!,Dog,0.1
595,Cat Toy,95.99,This product is the best.,Cat,0.1
596,Cat Toy,61.99,This product is pretty good at what its supposed to do.,Cat,0.7
597,Cat Treats,55.99,This product is wonderful!,Cat,0.2
598,Cat Toy,96.99,This product is pretty good at what its supposed to do.,Cat,0.9
599,Dog Bed,89.99,This product is wonderful!,Dog,0.9
600,Dog Bone,41.99,This product is the best.,Dog,0.7
601,Dog Bed,11.99,This product is wonderful!,Dog,0.6
602,Dog Bed,29.99,This product is the best.,Dog,0.5
603,Dog Collar,27.99,This product is the best.,Dog,0.8
604,Cat Toy,73.99,This product is pretty good at what its supposed to do.,Cat,0.5
605,Dog Bed,41.99,This product is the best.,Dog,0.6
606,Dog Brush,42.99,This product is pretty good at what its supposed to do.,Dog,0.4
607,Cat Treats,14.99,This product is the best.,Cat,0.1
608,Dog Bone,60.99,This product is wonderful!,Dog,0.2
609,Dog Collar,44.99,This product is pretty good at what its supposed to do.,Dog,0.8
610,Cat Toy,13.99,This product is the best.,Cat,0.0
611,Dog Bed,89.99,This product is the best.,Dog,0.7
612,Cat Treats,94.99,This product is wonderful!,Cat,0.9
613,Dog Bone,28.99,This product is the best.,Dog,0.7
614,Cat Toy,32.99,This product is wonderful!,Cat,0.3
615,Cat Treats,94.99,This product is the best.,Cat,0.0
616,Dog Collar,0.99,This product is pretty good at what its supposed to do.,Dog,0.9
617,Cat Treats,84.99,This product is wonderful!,Cat,0.9
618,Cat Toy,98.99,This product is wonderful!,Cat,0.3
619,Cat Treats,86.99,This product is pretty good at what its supposed to do.,Cat,0.4
620,Cat Toy,71.99,This product is the best.,Cat,0.3
621,Cat Treats,60.99,This product is wonderful!,Cat,0.3
622,Dog Brush,9.99,This product is the best.,Dog,0.3
623,Dog Bone,52.99,This product is the best.,Dog,0.9
624,Cat Treats,8.99,This product is pretty good at what its supposed to do.,Cat,1.0
625,Dog Bed,60.99,This product is pretty good at what its supposed to do.,Dog,0.8
626,Dog Brush,3.99,This product is pretty good at what its supposed to do.,Dog,0.7
627,Dog Collar,2.99,This product is pretty good at what its supposed to do.,Dog,0.7
628,Cat Treats,67.99,This product is pretty good at what its supposed to do.,Cat,0.3
629,Dog Bed,69.99,This product is pretty good at what its supposed to do.,Dog,0.3
630,Cat Toy,7.99,This product is the best.,Cat,0.1
631,Cat Toy,97.99,This product is pretty good at what its supposed to do.,Cat,0.9
632,Dog Collar,47.99,This product is wonderful!,Dog,0.0
633,Dog Collar,76.99,This product is wonderful!,Dog,0.3
634,Cat Toy,3.99,This product is the best.,Cat,0.2
635,Dog Bone,0.99,This product is pretty good at what its supposed to do.,Dog,1.0
636,Cat Toy,26.99,This product is pretty good at what its supposed to do.,Cat,0.4
637,Dog Bone,44.99,This product is wonderful!,Dog,0.4
638,Dog Brush,90.99,This product is pretty good at what its supposed to do.,Dog,0.6
639,Cat Toy,26.99,This product is pretty good at what its supposed to do.,Cat,0.5
640,Dog Brush,60.99,This product is the best.,Dog,0.8
641,Cat Treats,49.99,This product is wonderful!,Cat,0.2
642,Dog Brush,48.99,This product is the best.,Dog,0.7
643,Dog Bed,3.99,This product is pretty good at what its supposed to do.,Dog,0.6
644,Dog Brush,72.99,This product is pretty good at what its supposed to do.,Dog,0.4
645,Dog Collar,57.99,This product is the best.,Dog,0.4
646,Dog Collar,17.99,This product is the best.,Dog,0.2
647,Dog Bed,45.99,This product is wonderful!,Dog,0.3
648,Cat Treats,20.99,This product is wonderful!,Cat,0.8
649,Dog Bed,35.99,This product is pretty good at what its supposed to do.,Dog,0.3
650,Dog Bone,63.99,This product is pretty good at what its supposed to do.,Dog,0.0
651,Cat Toy,60.99,This product is pretty good at what its supposed to do.,Cat,0.7
652,Dog Collar,88.99,This product is the best.,Dog,0.4
653,Dog Bone,84.99,This product is pretty good at what its supposed to do.,Dog,0.3
654,Cat Treats,43.99,This product is pretty good at what its supposed to do.,Cat,1.0
655,Dog Bone,5.99,This product is the best.,Dog,0.3
656,Dog Bed,4.99,This product is pretty good at what its supposed to do.,Dog,0.8
657,Dog Bed,43.99,This product is the best.,Dog,0.6
658,Dog Bone,49.99,This product is wonderful!,Dog,0.2
659,Dog Brush,94.99,This product is wonderful!,Dog,0.1
660,Dog Brush,77.99,This product is wonderful!,Dog,0.7
661,Dog Bed,41.99,This product is pretty good at what its supposed to do.,Dog,0.4
662,Dog Brush,82.99,This product is the best.,Dog,0.0
663,Dog Bed,33.99,This product is the best.,Dog,0.5
664,Dog Collar,37.99,This product is the best.,Dog,0.5
665,Cat Toy,74.99,This product is pretty good at what its supposed to do.,Cat,0.1
666,Cat Treats,10.99,This product is wonderful!,Cat,0.9
667,Dog Collar,51.99,This product is wonderful!,Dog,0.6
668,Dog Brush,32.99,This product is wonderful!,Dog,0.9
669,Dog Collar,27.99,This product is pretty good at what its supposed to do.,Dog,0.8
670,Cat Toy,68.99,This product is the best.,Cat,0.3
671,Dog Bed,4.99,This product is the best.,Dog,0.5
672,Dog Bed,95.99,This product is pretty good at what its supposed to do.,Dog,0.5
673,Dog Bone,30.99,This product is the best.,Dog,0.6
674,Cat Toy,1.99,This product is wonderful!,Cat,0.7
675,Dog Bed,71.99,This product is pretty good at what its supposed to do.,Dog,0.9
676,Dog Collar,78.99,This product is the best.,Dog,0.8
677,Dog Brush,16.99,This product is the best.,Dog,0.8
678,Dog Bone,69.99,This product is wonderful!,Dog,0.2
679,Dog Brush,85.99,This product is pretty good at what its supposed to do.,Dog,0.2
680,Cat Treats,30.99,This product is pretty good at what its supposed to do.,Cat,0.1
681,Dog Collar,51.99,This product is wonderful!,Dog,0.3
682,Dog Collar,65.99,This product is wonderful!,Dog,0.9
683,Cat Treats,29.99,This product is pretty good at what its supposed to do.,Cat,0.8
684,Dog Brush,7.99,This product is the best.,Dog,0.2
685,Cat Toy,20.99,This product is wonderful!,Cat,0.1
686,Dog Collar,88.99,This product is the best.,Dog,0.5
687,Dog Bone,96.99,This product is the best.,Dog,0.1
688,Dog Collar,85.99,This product is wonderful!,Dog,0.3
689,Dog Brush,19.99,This product is the best.,Dog,0.0
690,Dog Bed,15.99,This product is pretty good at what its supposed to do.,Dog,0.2
691,Dog Bone,71.99,This product is wonderful!,Dog,0.6
692,Cat Treats,20.99,This product is wonderful!,Cat,0.6
693,Dog Brush,31.99,This product is the best.,Dog,0.7
694,Dog Bed,99.99,This product is pretty good at what its supposed to do.,Dog,0.7
695,Cat Treats,9.99,This product is wonderful!,Cat,0.9
696,Dog Collar,47.99,This product is pretty good at what its supposed to do.,Dog,0.9
697,Dog Brush,71.99,This product is the best.,Dog,0.2
698,Dog Bone,0.99,This product is wonderful!,Dog,0.6
699,Dog Bone,60.99,This product is the best.,Dog,0.5
700,Dog Collar,7.99,This product is pretty good at what its supposed to do.,Dog,0.0
701,Dog Bone,1.99,This product is wonderful!,Dog,0.2
702,Dog Brush,67.99,This product is pretty good at what its supposed to do.,Dog,0.4
703,Cat Treats,23.99,This product is the best.,Cat,0.1
704,Dog Bed,86.99,This product is the best.,Dog,0.2
705,Dog Bed,38.99,This product is the best.,Dog,0.7
706,Dog Collar,67.99,This product is the best.,Dog,0.8
707,Dog Bed,98.99,This product is pretty good at what its supposed to do.,Dog,0.1
708,Cat Toy,24.99,This product is wonderful!,Cat,0.7
709,Dog Brush,99.99,This product is wonderful!,Dog,0.3
710,Dog Bed,42.99,This product is wonderful!,Dog,0.3
711,Dog Bed,93.99,This product is pretty good at what its supposed to do.,Dog,1.0
712,Dog Bed,4.99,This product is wonderful!,Dog,0.9
713,Cat Toy,69.99,This product is the best.,Cat,0.6
714,Cat Toy,72.99,This product is wonderful!,Cat,1.0
715,Dog Brush,72.99,This product is pretty good at what its supposed to do.,Dog,0.1
716,Dog Bed,23.99,This product is pretty good at what its supposed to do.,Dog,1.0
717,Cat Toy,38.99,This product is pretty good at what its supposed to do.,Cat,0.8
718,Cat Treats,51.99,This product is wonderful!,Cat,0.6
719,Dog Brush,30.99,This product is pretty good at what its supposed to do.,Dog,0.8
720,Dog Collar,20.99,This product is wonderful!,Dog,0.6
721,Dog Brush,17.99,This product is pretty good at what its supposed to do.,Dog,0.6
722,Cat Treats,65.99,This product is the best.,Cat,0.9
723,Dog Bed,80.99,This product is wonderful!,Dog,0.6
724,Cat Treats,30.99,This product is pretty good at what its supposed to do.,Cat,1.0
725,Dog Collar,27.99,This product is pretty good at what its supposed to do.,Dog,0.8
726,Cat Treats,25.99,This product is pretty good at what its supposed to do.,Cat,0.3
727,Dog Collar,7.99,This product is pretty good at what its supposed to do.,Dog,0.2
728,Dog Bone,18.99,This product is the best.,Dog,0.7
729,Cat Toy,29.99,This product is wonderful!,Cat,0.5
730,Dog Brush,42.99,This product is wonderful!,Dog,0.7
731,Cat Toy,3.99,This product is wonderful!,Cat,0.9
732,Cat Treats,83.99,This product is pretty good at what its supposed to do.,Cat,0.6
733,Dog Brush,34.99,This product is wonderful!,Dog,0.4
734,Dog Bed,87.99,This product is pretty good at what its supposed to do.,Dog,0.1
735,Dog Brush,10.99,This product is pretty good at what its supposed to do.,Dog,0.1
736,Cat Treats,20.99,This product is wonderful!,Cat,0.7
737,Dog Brush,21.99,This product is the best.,Dog,0.6
738,Dog Collar,84.99,This product is the best.,Dog,0.7
739,Dog Bone,95.99,This product is wonderful!,Dog,1.0
740,Dog Brush,33.99,This product is pretty good at what its supposed to do.,Dog,0.3
741,Dog Bone,39.99,This product is wonderful!,Dog,0.7
742,Cat Treats,81.99,This product is wonderful!,Cat,0.0
743,Dog Collar,80.99,This product is wonderful!,Dog,0.3
744,Dog Bone,29.99,This product is wonderful!,Dog,0.4
745,Dog Bone,64.99,This product is the best.,Dog,0.2
746,Cat Treats,39.99,This product is wonderful!,Cat,0.2
747,Cat Treats,72.99,This product is pretty good at what its supposed to do.,Cat,0.9
748,Dog Bone,29.99,This product is pretty good at what its supposed to do.,Dog,0.5
749,Dog Collar,77.99,This product is pretty good at what its supposed to do.,Dog,0.8
750,Dog Bed,0.99,This product is wonderful!,Dog,0.9
751,Dog Bone,52.99,This product is wonderful!,Dog,0.3
752,Dog Collar,85.99,This product is wonderful!,Dog,0.8
753,Dog Brush,90.99,This product is wonderful!,Dog,0.7
754,Cat Treats,67.99,This product is pretty good at what its supposed to do.,Cat,0.4
755,Dog Bone,58.99,This product is pretty good at what its supposed to do.,Dog,0.4
756,Dog Collar,84.99,This product is the best.,Dog,0.1
757,Dog Collar,11.99,This product is pretty good at what its supposed to do.,Dog,0.3
758,Cat Treats,21.99,This product is wonderful!,Cat,0.1
759,Dog Collar,91.99,This product is the best.,Dog,0.1
760,Cat Treats,33.99,This product is wonderful!,Cat,0.1
761,Cat Toy,36.99,This product is the best.,Cat,0.9
762,Dog Collar,44.99,This product is pretty good at what its supposed to do.,Dog,1.0
763,Dog Bed,2.99,This product is pretty good at what its supposed to do.,Dog,0.6
764,Cat Treats,7.99,This product is the best.,Cat,0.2
765,Dog Collar,3.99,This product is pretty good at what its supposed to do.,Dog,0.2
766,Cat Treats,76.99,This product is the best.,Cat,0.2
767,Dog Collar,48.99,This product is pretty good at what its supposed to do.,Dog,1.0
768,Cat Toy,22.99,This product is wonderful!,Cat,0.3
769,Cat Treats,83.99,This product is pretty good at what its supposed to do.,Cat,0.9
770,Cat Treats,59.99,This product is pretty good at what its supposed to do.,Cat,0.3
771,Dog Bed,82.99,This product is pretty good at what its supposed to do.,Dog,0.6
772,Dog Brush,25.99,This product is pretty good at what its supposed to do.,Dog,0.3
773,Cat Toy,37.99,This product is pretty good at what its supposed to do.,Cat,0.1
774,Dog Bone,7.99,This product is the best.,Dog,0.2
775,Cat Treats,90.99,This product is the best.,Cat,0.1
776,Cat Toy,38.99,This product is the best.,Cat,0.8
777,Dog Brush,24.99,This product is pretty good at what its supposed to do.,Dog,0.0
778,Dog Brush,85.99,This product is wonderful!,Dog,0.5
779,Cat Treats,47.99,This product is the best.,Cat,0.1
780,Dog Collar,85.99,This product is the best.,Dog,0.2
781,Dog Collar,19.99,This product is the best.,Dog,0.4
782,Dog Bone,20.99,This product is wonderful!,Dog,0.3
783,Dog Bed,84.99,This product is pretty good at what its supposed to do.,Dog,0.3
784,Cat Treats,62.99,This product is wonderful!,Cat,0.1
785,Dog Brush,66.99,This product is pretty good at what its supposed to do.,Dog,0.4
786,Dog Collar,79.99,This product is wonderful!,Dog,0.3
787,Dog Collar,48.99,This product is pretty good at what its supposed to do.,Dog,1.0
788,Dog Collar,36.99,This product is wonderful!,Dog,0.1
789,Cat Toy,22.99,This product is the best.,Cat,1.0
790,Dog Collar,10.99,This product is wonderful!,Dog,0.5
791,Dog Bed,17.99,This product is wonderful!,Dog,0.8
792,Cat Toy,1.99,This product is pretty good at what its supposed to do.,Cat,0.3
793,Cat Treats,96.99,This product is wonderful!,Cat,0.5
794,Cat Toy,84.99,This product is wonderful!,Cat,0.1
795,Dog Bed,6.99,This product is wonderful!,Dog,0.8
796,Dog Collar,4.99,This product is the best.,Dog,0.6
797,Dog Brush,72.99,This product is pretty good at what its supposed to do.,Dog,0.8
798,Dog Brush,5.99,This product is the best.,Dog,0.7
799,Dog Brush,99.99,This product is the best.,Dog,0.6
800,Dog Bone,49.99,This product is pretty good at what its supposed to do.,Dog,0.1
801,Dog Brush,21.99,This product is wonderful!,Dog,0.4
802,Dog Collar,70.99,This product is wonderful!,Dog,0.3
803,Cat Treats,25.99,This product is the best.,Cat,0.8
804,Dog Brush,12.99,This product is wonderful!,Dog,0.1
805,Dog Bone,84.99,This product is wonderful!,Dog,0.3
806,Dog Bone,7.99,This product is pretty good at what its supposed to do.,Dog,0.5
807,Dog Bone,80.99,This product is pretty good at what its supposed to do.,Dog,0.7
808,Cat Toy,30.99,This product is pretty good at what its supposed to do.,Cat,0.1
809,Dog Collar,14.99,This product is wonderful!,Dog,0.9
810,Cat Toy,27.99,This product is wonderful!,Cat,0.8
811,Dog Bed,53.99,This product is pretty good at what its supposed to do.,Dog,0.7
812,Dog Bed,55.99,This product is pretty good at what its supposed to do.,Dog,0.5
813,Dog Bone,47.99,This product is wonderful!,Dog,0.1
814,Dog Bone,58.99,This product is the best.,Dog,0.5
815,Dog Collar,80.99,This product is wonderful!,Dog,0.5
816,Cat Toy,56.99,This product is the best.,Cat,0.7
817,Dog Bone,38.99,This product is wonderful!,Dog,0.0
818,Dog Bed,72.99,This product is wonderful!,Dog,0.6
819,Dog Collar,71.99,This product is wonderful!,Dog,0.2
820,Dog Brush,31.99,This product is pretty good at what its supposed to do.,Dog,0.4
821,Cat Toy,89.99,This product is wonderful!,Cat,0.1
822,Cat Treats,97.99,This product is pretty good at what its supposed to do.,Cat,0.5
823,Dog Collar,97.99,This product is the best.,Dog,0.5
824,Dog Bed,37.99,This product is the best.,Dog,0.9
825,Dog Bed,78.99,This product is wonderful!,Dog,0.0
826,Dog Bone,38.99,This product is wonderful!,Dog,0.2
827,Dog Collar,52.99,This product is the best.,Dog,0.2
828,Dog Brush,48.99,This product is pretty good at what its supposed to do.,Dog,0.7
829,Dog Bed,84.99,This product is the best.,Dog,1.0
830,Dog Bed,59.99,This product is the best.,Dog,0.2
831,Cat Treats,97.99,This product is the best.,Cat,0.7
832,Dog Bed,35.99,This product is pretty good at what its supposed to do.,Dog,1.0
833,Dog Bed,79.99,This product is the best.,Dog,0.7
834,Dog Bed,51.99,This product is pretty good at what its supposed to do.,Dog,0.5
835,Dog Bed,18.99,This product is wonderful!,Dog,0.8
836,Cat Toy,91.99,This product is the best.,Cat,0.8
837,Dog Collar,86.99,This product is the best.,Dog,0.4
838,Dog Brush,66.99,This product is pretty good at what its supposed to do.,Dog,0.1
839,Cat Treats,97.99,This product is wonderful!,Cat,0.9
840,Dog Bone,74.99,This product is pretty good at what its supposed to do.,Dog,0.8
841,Cat Treats,88.99,This product is the best.,Cat,0.5
842,Cat Toy,77.99,This product is pretty good at what its supposed to do.,Cat,0.6
843,Cat Toy,42.99,This product is pretty good at what its supposed to do.,Cat,0.1
844,Cat Toy,31.99,This product is the best.,Cat,0.7
845,Cat Treats,66.99,This product is the best.,Cat,0.8
846,Dog Brush,60.99,This product is the best.,Dog,0.1
847,Cat Treats,25.99,This product is wonderful!,Cat,0.1
848,Dog Bone,63.99,This product is the best.,Dog,0.4
849,Cat Toy,49.99,This product is pretty good at what its supposed to do.,Cat,0.1
850,Dog Bone,79.99,This product is the best.,Dog,0.6
851,Dog Bed,70.99,This product is wonderful!,Dog,0.4
852,Cat Treats,67.99,This product is pretty good at what its supposed to do.,Cat,0.1
853,Dog Bone,8.99,This product is pretty good at what its supposed to do.,Dog,0.3
854,Dog Brush,40.99,This product is wonderful!,Dog,0.2
855,Dog Bed,78.99,This product is pretty good at what its supposed to do.,Dog,0.7
856,Dog Bone,61.99,This product is pretty good at what its supposed to do.,Dog,0.5
857,Cat Treats,95.99,This product is the best.,Cat,0.4
858,Dog Brush,36.99,This product is the best.,Dog,0.0
859,Dog Bed,13.99,This product is wonderful!,Dog,0.4
860,Dog Brush,72.99,This product is the best.,Dog,0.3
861,Dog Bed,52.99,This product is the best.,Dog,0.7
862,Dog Brush,17.99,This product is the best.,Dog,0.5
863,Cat Toy,94.99,This product is pretty good at what its supposed to do.,Cat,0.6
864,Dog Bed,6.99,This product is pretty good at what its supposed to do.,Dog,0.4
865,Dog Bed,3.99,This product is wonderful!,Dog,0.1
866,Dog Bed,27.99,This product is the best.,Dog,0.6
867,Dog Collar,3.99,This product is the best.,Dog,1.0
868,Dog Collar,78.99,This product is wonderful!,Dog,0.4
869,Dog Bed,64.99,This product is the best.,Dog,0.4
870,Cat Treats,93.99,This product is the best.,Cat,0.3
871,Cat Treats,9.99,This product is wonderful!,Cat,0.1
872,Cat Toy,4.99,This product is pretty good at what its supposed to do.,Cat,0.8
873,Dog Bed,81.99,This product is wonderful!,Dog,0.0
874,Dog Bone,50.99,This product is wonderful!,Dog,0.7
875,Dog Brush,47.99,This product is pretty good at what its supposed to do.,Dog,0.5
876,Dog Bed,10.99,This product is the best.,Dog,0.6
877,Cat Toy,38.99,This product is pretty good at what its supposed to do.,Cat,0.2
878,Cat Toy,50.99,This product is the best.,Cat,0.4
879,Dog Bone,84.99,This product is wonderful!,Dog,0.7
880,Dog Bone,85.99,This product is pretty good at what its supposed to do.,Dog,0.2
881,Dog Bone,71.99,This product is the best.,Dog,0.2
882,Cat Treats,66.99,This product is pretty good at what its supposed to do.,Cat,0.4
883,Cat Toy,75.99,This product is wonderful!,Cat,0.6
884,Dog Collar,40.99,This product is the best.,Dog,0.8
885,Dog Collar,35.99,This product is the best.,Dog,0.1
886,Dog Brush,81.99,This product is wonderful!,Dog,0.4
887,Dog Bed,27.99,This product is wonderful!,Dog,0.5
888,Dog Bed,21.99,This product is pretty good at what its supposed to do.,Dog,0.5
889,Dog Bed,79.99,This product is pretty good at what its supposed to do.,Dog,0.7
890,Dog Bone,0.99,This product is pretty good at what its supposed to do.,Dog,0.5
891,Dog Collar,93.99,This product is pretty good at what its supposed to do.,Dog,0.6
892,Dog Brush,9.99,This product is the best.,Dog,0.4
893,Dog Brush,27.99,This product is wonderful!,Dog,0.8
894,Cat Treats,23.99,This product is wonderful!,Cat,0.2
895,Dog Bone,55.99,This product is the best.,Dog,0.0
896,Cat Treats,16.99,This product is pretty good at what its supposed to do.,Cat,0.2
897,Cat Treats,49.99,This product is pretty good at what its supposed to do.,Cat,0.7
898,Cat Toy,98.99,This product is pretty good at what its supposed to do.,Cat,0.5
899,Dog Collar,95.99,This product is the best.,Dog,0.3
900,Dog Bone,48.99,This product is wonderful!,Dog,0.8
901,Dog Collar,81.99,This product is the best.,Dog,0.3
902,Dog Collar,79.99,This product is wonderful!,Dog,0.5
903,Dog Brush,88.99,This product is pretty good at what its supposed to do.,Dog,0.2
904,Dog Collar,15.99,This product is the best.,Dog,0.2
905,Dog Collar,87.99,This product is wonderful!,Dog,0.4
906,Dog Brush,54.99,This product is the best.,Dog,0.5
907,Cat Toy,80.99,This product is the best.,Cat,0.4
908,Cat Treats,87.99,This product is wonderful!,Cat,0.6
909,Dog Bed,29.99,This product is wonderful!,Dog,0.2
910,Cat Treats,54.99,This product is the best.,Cat,0.3
911,Dog Bone,74.99,This product is wonderful!,Dog,1.0
912,Dog Brush,34.99,This product is wonderful!,Dog,0.0
913,Dog Brush,28.99,This product is wonderful!,Dog,0.5
914,Dog Collar,16.99,This product is pretty good at what its supposed to do.,Dog,0.8
915,Dog Bed,23.99,This product is the best.,Dog,1.0
916,Dog Bed,73.99,This product is wonderful!,Dog,0.8
917,Cat Treats,89.99,This product is the best.,Cat,0.1
918,Dog Bone,3.99,This product is the best.,Dog,0.4
919,Dog Bone,79.99,This product is wonderful!,Dog,0.1
920,Cat Treats,6.99,This product is wonderful!,Cat,0.1
921,Dog Brush,80.99,This product is pretty good at what its supposed to do.,Dog,0.2
922,Dog Bone,51.99,This product is wonderful!,Dog,0.1
923,Cat Toy,33.99,This product is pretty good at what its supposed to do.,Cat,0.8
924,Dog Bone,25.99,This product is the best.,Dog,0.3
925,Dog Bed,76.99,This product is the best.,Dog,0.0
926,Cat Treats,93.99,This product is the best.,Cat,0.8
927,Dog Bed,61.99,This product is the best.,Dog,0.1
928,Cat Treats,45.99,This product is wonderful!,Cat,1.0
929,Dog Brush,1.99,This product is wonderful!,Dog,0.1
930,Dog Bone,23.99,This product is wonderful!,Dog,0.8
931,Dog Bone,52.99,This product is the best.,Dog,0.4
932,Cat Treats,60.99,This product is wonderful!,Cat,0.2
933,Dog Bed,49.99,This product is wonderful!,Dog,0.1
934,Cat Toy,14.99,This product is the best.,Cat,0.3
935,Dog Brush,73.99,This product is wonderful!,Dog,0.9
936,Dog Bone,97.99,This product is pretty good at what its supposed to do.,Dog,0.1
937,Dog Collar,69.99,This product is the best.,Dog,0.5
938,Dog Bed,40.99,This product is pretty good at what its supposed to do.,Dog,0.9
939,Cat Toy,35.99,This product is wonderful!,Cat,0.0
940,Dog Bed,18.99,This product is pretty good at what its supposed to do.,Dog,0.7
941,Dog Collar,16.99,This product is the best.,Dog,0.9
942,Dog Brush,22.99,This product is pretty good at what its supposed to do.,Dog,0.5
943,Cat Toy,36.99,This product is the best.,Cat,0.2
944,Cat Toy,65.99,This product is the best.,Cat,0.2
945,Cat Toy,89.99,This product is the best.,Cat,0.5
946,Dog Collar,20.99,This product is the best.,Dog,0.6
947,Dog Bone,93.99,This product is the best.,Dog,0.8
948,Dog Bone,32.99,This product is wonderful!,Dog,0.3
949,Cat Toy,26.99,This product is the best.,Cat,0.4
950,Dog Collar,94.99,This product is the best.,Dog,0.4
951,Dog Collar,67.99,This product is wonderful!,Dog,1.0
952,Cat Treats,47.99,This product is pretty good at what its supposed to do.,Cat,0.5
953,Cat Toy,10.99,This product is pretty good at what its supposed to do.,Cat,0.1
954,Cat Treats,35.99,This product is the best.,Cat,0.7
955,Cat Toy,59.99,This product is wonderful!,Cat,0.3
956,Dog Collar,22.99,This product is pretty good at what its supposed to do.,Dog,0.1
957,Dog Bone,90.99,This product is wonderful!,Dog,0.1
958,Dog Brush,79.99,This product is wonderful!,Dog,0.9
959,Dog Bed,69.99,This product is wonderful!,Dog,0.8
960,Dog Brush,41.99,This product is pretty good at what its supposed to do.,Dog,0.4
961,Dog Bone,6.99,This product is wonderful!,Dog,0.8
962,Dog Bed,77.99,This product is the best.,Dog,0.1
963,Cat Treats,79.99,This product is the best.,Cat,0.0
964,Dog Bed,25.99,This product is wonderful!,Dog,0.7
965,Dog Bed,15.99,This product is wonderful!,Dog,0.7
966,Dog Collar,1.99,This product is wonderful!,Dog,0.1
967,Dog Brush,23.99,This product is pretty good at what its supposed to do.,Dog,0.5
968,Cat Treats,56.99,This product is the best.,Cat,0.6
969,Dog Bed,45.99,This product is wonderful!,Dog,0.7
970,Dog Bone,33.99,This product is the best.,Dog,0.2
971,Cat Toy,38.99,This product is pretty good at what its supposed to do.,Cat,1.0
972,Cat Toy,8.99,This product is the best.,Cat,0.7
973,Dog Brush,30.99,This product is wonderful!,Dog,0.5
974,Cat Toy,87.99,This product is pretty good at what its supposed to do.,Cat,0.5
975,Cat Treats,99.99,This product is pretty good at what its supposed to do.,Cat,0.8
976,Cat Treats,7.99,This product is pretty good at what its supposed to do.,Cat,0.5
977,Dog Bone,58.99,This product is pretty good at what its supposed to do.,Dog,0.2
978,Cat Toy,64.99,This product is pretty good at what its supposed to do.,Cat,0.0
979,Cat Toy,83.99,This product is the best.,Cat,0.9
980,Dog Bone,88.99,This product is pretty good at what its supposed to do.,Dog,0.7
981,Dog Collar,33.99,This product is wonderful!,Dog,0.5
982,Dog Collar,92.99,This product is wonderful!,Dog,0.4
983,Dog Collar,14.99,This product is pretty good at what its supposed to do.,Dog,0.8
984,Dog Bone,37.99,This product is pretty good at what its supposed to do.,Dog,0.7
985,Dog Bed,75.99,This product is wonderful!,Dog,0.1
986,Dog Bone,93.99,This product is pretty good at what its supposed to do.,Dog,0.8
987,Cat Treats,89.99,This product is the best.,Cat,0.9
988,Cat Toy,43.99,This product is the best.,Cat,0.6
989,Cat Toy,5.99,This product is the best.,Cat,0.2
990,Dog Brush,68.99,This product is the best.,Dog,0.6
991,Dog Brush,39.99,This product is wonderful!,Dog,1.0
992,Cat Toy,21.99,This product is pretty good at what its supposed to do.,Cat,0.8
993,Dog Bed,16.99,This product is wonderful!,Dog,0.4
994,Dog Bed,94.99,This product is wonderful!,Dog,0.1
995,Cat Treats,8.99,This product is wonderful!,Cat,1.0
996,Dog Bed,92.99,This product is wonderful!,Dog,0.6
997,Cat Toy,63.99,This product is wonderful!,Cat,0.4
998,Dog Collar,87.99,This product is pretty good at what its supposed to do.,Dog,0.4
999,Dog Bone,0.99,This product is wonderful!,Dog,0.1
1000,Dog Bone,34.99,This product is the best.,Dog,0.5
